"COUNTRY","COUNTRY_GRP","SEX","YEAR","VALUE"
"AND","","ALL","1996","78"
"AND","","ALL","1997","73"
"AND","","ALL","1998","74"
"AND","","ALL","1999","70"
"ARM","","ALL","1980","84.2"
"ARM","","ALL","1981","85.33"
"ARM","","ALL","1982","85.15"
"ARM","","ALL","1983","87.8"
"ARM","","ALL","1984","86.09"
"ARM","","ALL","1985","86.04"
"ARM","","ALL","1986","82.24"
"ARM","","ALL","1987","79.35"
"ARM","","ALL","1988","70.75"
"ARM","","ALL","1989","69.03"
"ARM","","ALL","1990","65.56"
"ARM","","ALL","1991","59.52"
"ARM","","ALL","1992","48.63"
"ARM","","ALL","1993","42.35"
"ARM","","ALL","1994","42.72"
"ARM","","ALL","1995","40.14"
"ARM","","ALL","1996","40.41"
"ARM","","ALL","1997","36.07"
"ARM","","ALL","1998","30.21"
"ARM","","ALL","1999","29.38"
"ARM","","ALL","2000","28.21"
"ARM","","ALL","2001","31.6"
"ARM","","ALL","2002","37.3"
"ARM","","ALL","2003","40.7"
"ARM","","ALL","2004","41.8"
"ARM","","ALL","2005","46"
"ARM","","ALL","2006","44.8"
"ARM","","ALL","2007","48.6"
"ARM","","ALL","2008","56.7"
"ARM","","ALL","2009","57.8"
"ARM","","ALL","2010","57.3"
"ARM","","ALL","2011","58.6"
"ARM","","ALL","2012","61.9"
"ARM","","ALL","2013","62.2"
"ARM","","ALL","2014","65.5"
"ARM","","ALL","2015","64.1"
"AUT","","ALL","1989","87.23652303"
"AUT","","ALL","1990","91.7261468"
"AUT","","ALL","1991","89.3035802"
"AUT","","ALL","1992","87.81785261"
"AUT","","ALL","1993","87.98604159"
"AUT","","ALL","1994","87.20547476"
"AUT","","ALL","1995","89.46907744"
"AUT","","ALL","1996","89.87497337"
"AUT","","ALL","1997","81.9578298"
"AUT","","ALL","1998","85.13724838"
"AUT","","ALL","1999","83.58362551"
"AUT","","ALL","2000","82.63968442"
"AUT","","ALL","2001","83.25373513"
"AUT","","ALL","2002","83.98868036"
"AUT","","ALL","2003","84.77634913"
"AUT","","ALL","2004","88.39491103"
"AUT","","ALL","2005","86.21068476"
"AUT","","ALL","2006","86.97095633"
"AUT","","ALL","2007","86.94421993"
"AUT","","ALL","2008","87.73195756"
"AUT","","ALL","2009","86.91335236"
"AUT","","ALL","2010","86.15194054"
"AUT","","ALL","2011","85.46373069"
"AUT","","ALL","2012","82.7"
"AUT","","ALL","2013","80.2"
"AUT","","ALL","2014","82.7"
"AZE","","ALL","1999","30"
"AZE","","ALL","2000","28.5"
"AZE","","ALL","2001","25.7"
"AZE","","ALL","2002","25.6"
"AZE","","ALL","2003","26.1"
"AZE","","ALL","2004","27.1"
"AZE","","ALL","2005","25.6"
"AZE","","ALL","2006","26.9"
"AZE","","ALL","2007","27.8"
"AZE","","ALL","2008","27.6"
"AZE","","ALL","2009","29.5"
"AZE","","ALL","2010","34.1"
"AZE","","ALL","2011","37.8"
"AZE","","ALL","2012","41.5"
"AZE","","ALL","2013","37.9"
"AZE","","ALL","2014","36.4"
"AZE","","ALL","2015","36.7"
"AZE","","ALL","2016","36.5"
"AZE","","ALL","2017","36.3"
"BEL","","ALL","1986","83.3"
"BEL","","ALL","1987","85.9"
"BEL","","ALL","1988","83"
"BEL","","ALL","1989","82.2"
"BEL","","ALL","1990","81.9"
"BEL","","ALL","1991","83.1"
"BEL","","ALL","1992","82"
"BEL","","ALL","1993","81.1"
"BEL","","ALL","1994","79.6"
"BEL","","ALL","1995","79.7"
"BEL","","ALL","1996","79.5"
"BEL","","ALL","1997","77.7"
"BEL","","ALL","1998","78.9"
"BEL","","ALL","1999","78.6"
"BEL","","ALL","2000","78.8"
"BEL","","ALL","2001","78"
"BEL","","ALL","2002","80.4"
"BEL","","ALL","2003","75.9"
"BEL","","ALL","2004","74.7"
"BEL","","ALL","2005","74.8"
"BEL","","ALL","2006","74.1"
"BEL","","ALL","2007","73.6"
"BEL","","ALL","2008","74"
"BEL","","ALL","2009","78.1"
"BEL","","ALL","2010","78.16"
"BEL","","ALL","2011","77.98"
"BEL","","ALL","2012","78.42"
"BEL","","ALL","2013","79.61"
"BIH","","ALL","1983","83.2"
"BIH","","ALL","1984","83.6"
"BIH","","ALL","1985","80.6"
"BIH","","ALL","1986","81.8"
"BIH","","ALL","1987","80.1"
"BIH","","ALL","1988","81.8"
"BIH","","ALL","1989","79.3"
"BIH","","ALL","1990","79.3"
"BIH","","ALL","1991","70.9"
"BIH","","ALL","1992","72.5"
"BIH","","ALL","1993","65.5"
"BIH","","ALL","1994","50.9"
"BIH","","ALL","1995","62.8"
"BIH","","ALL","1999","62.6"
"BLR","","ALL","1980","92.5"
"BLR","","ALL","1985","91.9"
"BLR","","ALL","1986","90.5"
"BLR","","ALL","1987","88.6"
"BLR","","ALL","1988","85.6"
"BLR","","ALL","1989","82.2"
"BLR","","ALL","1990","81.3"
"BLR","","ALL","1991","82.6"
"BLR","","ALL","1992","84.3"
"BLR","","ALL","1993","88.3"
"BLR","","ALL","1994","88.7"
"","CARINFONET","ALL","1980","84.53"
"","CARINFONET","ALL","1985","84.76"
"","CARINFONET","ALL","1986","85.02"
"","CARINFONET","ALL","1987","85.17"
"","CARINFONET","ALL","1988","84.36"
"","CARINFONET","ALL","1989","80.66"
"","CARINFONET","ALL","1990","81.15"
"","CARINFONET","ALL","1991","80.18"
"","CARINFONET","ALL","1992","77.21"
"","CARINFONET","ALL","1993","76.87"
"","CARINFONET","ALL","1994","75.44"
"","CARINFONET","ALL","1995","74.34"
"","CARINFONET","ALL","1996","74.41"
"","CARINFONET","ALL","1997","79.06"
"","CARINFONET","ALL","1998","81.57"
"","CARINFONET","ALL","1999","83.65"
"","CARINFONET","ALL","2000","84.46"
"","CARINFONET","ALL","2001","83.88"
"","CARINFONET","ALL","2002","81.89"
"","CARINFONET","ALL","2003","79.57"
"","CARINFONET","ALL","2004","85.06"
"","CARINFONET","ALL","2005","84.14"
"","CARINFONET","ALL","2006","84.24"
"","CARINFONET","ALL","2007","86.18"
"","CARINFONET","ALL","2008","85.08"
"","CARINFONET","ALL","2009","85.69"
"","CARINFONET","ALL","2010","87.18"
"","CARINFONET","ALL","2011","87.32"
"","CARINFONET","ALL","2012","86.04"
"","CARINFONET","ALL","2013","86.9"
"","CARINFONET","ALL","2014","86.09"
"","CARINFONET","ALL","2015","85.41"
"","CARINFONET","ALL","2016","86.81"
"CHE","","ALL","1980","77.9"
"CHE","","ALL","1981","78.1"
"CHE","","ALL","1982","80"
"CHE","","ALL","1983","79"
"CHE","","ALL","1984","78.8"
"CHE","","ALL","1985","80"
"CHE","","ALL","1986","79.6"
"CHE","","ALL","1987","80"
"CHE","","ALL","1988","80.6"
"CHE","","ALL","1989","79.6"
"CHE","","ALL","1990","79"
"CHE","","ALL","1991","78.7"
"CHE","","ALL","1992","78.7"
"CHE","","ALL","1993","78.4"
"CHE","","ALL","1994","77.7"
"CHE","","ALL","1997","83.9"
"CHE","","ALL","1998","83.7"
"CHE","","ALL","1999","84.2"
"CHE","","ALL","2000","84.8"
"CHE","","ALL","2001","84.6"
"CHE","","ALL","2002","84.6"
"CHE","","ALL","2003","85.2"
"CHE","","ALL","2004","86.3"
"CHE","","ALL","2005","86.1"
"CHE","","ALL","2006","86.8"
"CHE","","ALL","2007","85.2"
"CHE","","ALL","2008","88.2"
"CHE","","ALL","2009","87.9"
"CHE","","ALL","2010","87.5"
"CHE","","ALL","2011","88.8"
"CHE","","ALL","2012","82.9"
"CHE","","ALL","2013","83.6"
"CHE","","ALL","2014","82.6"
"","CIS","ALL","1980","88.81"
"","CIS","ALL","1985","89.77"
"","CIS","ALL","1986","88.43"
"","CIS","ALL","1987","86.81"
"","CIS","ALL","1988","86.11"
"","CIS","ALL","1989","83.14"
"","CIS","ALL","1990","82.14"
"","CIS","ALL","1991","81.3"
"","CIS","ALL","1992","80.74"
"","CIS","ALL","1993","83.86"
"","CIS","ALL","1994","83.71"
"","CIS","ALL","1995","81.01"
"","CIS","ALL","1996","78.2"
"","CIS","ALL","1997","79.2"
"","CIS","ALL","1998","78.8"
"","CIS","ALL","1999","75.54"
"","CIS","ALL","2000","73.26"
"","CIS","ALL","2001","75.61"
"","CIS","ALL","2002","77.56"
"","CIS","ALL","2003","77.15"
"","CIS","ALL","2004","72.05"
"","CIS","ALL","2005","74.44"
"","CIS","ALL","2006","77.2"
"","CIS","ALL","2007","77.82"
"","CIS","ALL","2008","79.21"
"","CIS","ALL","2009","79.18"
"","CIS","ALL","2010","79.89"
"","CIS","ALL","2011","86.5"
"","CIS","ALL","2012","85.78"
"","CIS","ALL","2013","86.87"
"","CIS","ALL","2014","86.89"
"","CIS","ALL","2015","78.96"
"","CIS","ALL","2016","78.67"
"CYP","","ALL","1980","73.1"
"CYP","","ALL","1981","72.1"
"CYP","","ALL","1982","72.1"
"CYP","","ALL","1983","71.1"
"CYP","","ALL","1984","71.2"
"CYP","","ALL","1985","75.1"
"CYP","","ALL","1986","77.7"
"CYP","","ALL","1987","77"
"CYP","","ALL","1988","75.9"
"CYP","","ALL","1989","71.6"
"CYP","","ALL","1990","74.4"
"CYP","","ALL","1991","76.7"
"CYP","","ALL","1992","78.1"
"CYP","","ALL","1993","77.9"
"CYP","","ALL","1994","81.2"
"CYP","","ALL","1995","80.8"
"CYP","","ALL","1996","79.7"
"CYP","","ALL","1997","78.9"
"CYP","","ALL","1998","79"
"CYP","","ALL","1999","77.6"
"CYP","","ALL","2000","81.4"
"CYP","","ALL","2001","80.1"
"CYP","","ALL","2002","73.5"
"CYP","","ALL","2003","72.8"
"CYP","","ALL","2004","79.9"
"CYP","","ALL","2005","83.7"
"CYP","","ALL","2006","78.8"
"CYP","","ALL","2007","76"
"CYP","","ALL","2008","88.2"
"CYP","","ALL","2009","84.69"
"CYP","","ALL","2010","84.17"
"CYP","","ALL","2011","90.9"
"CYP","","ALL","2012","75.84"
"CYP","","ALL","2013","74.38"
"CYP","","ALL","2014","74.7"
"CZE","","ALL","1975","78.05"
"CZE","","ALL","1976","78.71"
"CZE","","ALL","1977","78.99"
"CZE","","ALL","1978","80.27"
"CZE","","ALL","1979","80.96"
"CZE","","ALL","1980","81.78"
"CZE","","ALL","1981","82.88"
"CZE","","ALL","1982","82.58"
"CZE","","ALL","1983","82.55"
"CZE","","ALL","1984","81.78"
"CZE","","ALL","1985","80.82"
"CZE","","ALL","1986","79.1"
"CZE","","ALL","1987","77.86"
"CZE","","ALL","1988","75.95"
"CZE","","ALL","1989","74.22"
"CZE","","ALL","1990","69.62"
"CZE","","ALL","1991","69.04"
"CZE","","ALL","1992","70.22"
"CZE","","ALL","1993","71.59"
"CZE","","ALL","1994","73.01"
"CZE","","ALL","1995","72.6"
"CZE","","ALL","2000","73.85"
"CZE","","ALL","2005","78.4"
"CZE","","ALL","2009","75.26"
"CZE","","ALL","2010","73.83"
"CZE","","ALL","2011","72.8"
"CZE","","ALL","2012","73.12964605"
"CZE","","ALL","2013","73.93"
"CZE","","ALL","2014","74.9"
"DEU","","ALL","1994","83.5"
"DEU","","ALL","1995","83.4"
"DEU","","ALL","1996","85.1"
"DEU","","ALL","1997","81.9"
"DEU","","ALL","1998","82.4"
"DEU","","ALL","1999","82.3"
"DEU","","ALL","2000","81.1"
"DEU","","ALL","2001","80.4"
"DEU","","ALL","2002","80.5"
"DEU","","ALL","2003","78.2"
"DEU","","ALL","2004","76.1"
"DEU","","ALL","2005","76.1"
"DEU","","ALL","2006","77.4"
"DEU","","ALL","2007","78.7"
"DEU","","ALL","2008","79.1"
"DEU","","ALL","2009","79.2"
"DEU","","ALL","2010","79"
"DEU","","ALL","2011","79"
"DEU","","ALL","2012","79.2"
"DEU","","ALL","2013","79.3"
"DEU","","ALL","2014","79.7"
"DNK","","ALL","1977","77.7"
"DNK","","ALL","1978","79.1"
"DNK","","ALL","1979","76.7"
"DNK","","ALL","1980","75.3"
"DNK","","ALL","1981","74.8"
"DNK","","ALL","1982","76.5"
"DNK","","ALL","1983","76.3"
"DNK","","ALL","1984","78.2"
"DNK","","ALL","1985","78.9"
"DNK","","ALL","1986","78.5"
"DNK","","ALL","1987","78.4"
"DNK","","ALL","1988","78.2"
"DNK","","ALL","1989","77.5"
"DNK","","ALL","1990","78.5"
"DNK","","ALL","1991","79.9"
"DNK","","ALL","1992","82.1"
"DNK","","ALL","1993","82.2"
"DNK","","ALL","1994","81.1"
"DNK","","ALL","1995","78.6"
"DNK","","ALL","1996","82"
"DNK","","ALL","1997","82"
"DNK","","ALL","1998","83"
"DNK","","ALL","1999","84"
"DNK","","ALL","2000","85"
"DNK","","ALL","2001","84"
"ESP","","ALL","1984","71.3"
"ESP","","ALL","1985","72.2"
"ESP","","ALL","1986","70.4"
"ESP","","ALL","1987","73.4"
"ESP","","ALL","1988","74.5"
"ESP","","ALL","1989","74.2"
"ESP","","ALL","1990","73.5"
"ESP","","ALL","1991","74.2"
"ESP","","ALL","1992","73.9"
"ESP","","ALL","1993","74.7"
"ESP","","ALL","1994","73.9"
"ESP","","ALL","1995","76.4"
"ESP","","ALL","1996","77.3"
"ESP","","ALL","1997","76.2"
"ESP","","ALL","1998","76.1"
"ESP","","ALL","1999","76.1"
"ESP","","ALL","2000","77.1"
"ESP","","ALL","2001","77.2"
"ESP","","ALL","2002","78.2"
"ESP","","ALL","2003","79.2"
"ESP","","ALL","2004","78.8"
"ESP","","ALL","2005","79.1"
"ESP","","ALL","2006","78.2"
"ESP","","ALL","2007","78.2"
"ESP","","ALL","2008","77.7"
"ESP","","ALL","2009","77.6"
"ESP","","ALL","2010","76.41692383"
"ESP","","ALL","2011","75.40200134"
"ESP","","ALL","2012","75.78421841"
"ESP","","ALL","2013","75.78951304"
"ESP","","ALL","2014","75.94682161"
"EST","","ALL","1985","84.3"
"EST","","ALL","1986","82.9"
"EST","","ALL","1987","83.5"
"EST","","ALL","1988","81.5"
"EST","","ALL","1989","77.4"
"EST","","ALL","1990","74.2"
"EST","","ALL","1991","72.9"
"EST","","ALL","1992","74.2"
"EST","","ALL","1993","80.5"
"EST","","ALL","1994","76.6"
"EST","","ALL","1995","74.9"
"EST","","ALL","1996","71.9"
"EST","","ALL","1997","71.6"
"EST","","ALL","1998","74.6"
"EST","","ALL","1999","69.3"
"EST","","ALL","2000","66.1"
"EST","","ALL","2001","62.3"
"EST","","ALL","2002","64.6"
"EST","","ALL","2003","66.5"
"EST","","ALL","2004","68.5"
"EST","","ALL","2005","69.3"
"EST","","ALL","2006","71.4"
"EST","","ALL","2007","71.9"
"EST","","ALL","2008","70.1"
"EST","","ALL","2009","68.2"
"EST","","ALL","2010","70.8"
"EST","","ALL","2011","71"
"EST","","ALL","2012","69.1"
"EST","","ALL","2013","69.4"
"EST","","ALL","2014","69.1"
"","EU_AFTER_MAY2004","ALL","1992","74.64"
"","EU_AFTER_MAY2004","ALL","1993","73.72"
"","EU_AFTER_MAY2004","ALL","1994","75.87"
"","EU_AFTER_MAY2004","ALL","1995","76.18"
"","EU_AFTER_MAY2004","ALL","1996","76.86"
"","EU_AFTER_MAY2004","ALL","1997","77.69"
"","EU_AFTER_MAY2004","ALL","1998","77.31"
"","EU_AFTER_MAY2004","ALL","1999","75.23"
"","EU_AFTER_MAY2004","ALL","2000","74.58"
"","EU_AFTER_MAY2004","ALL","2001","75.41"
"","EU_AFTER_MAY2004","ALL","2002","75.51"
"","EU_AFTER_MAY2004","ALL","2003","75.46"
"","EU_AFTER_MAY2004","ALL","2004","76.67"
"","EU_AFTER_MAY2004","ALL","2005","76.47"
"","EU_AFTER_MAY2004","ALL","2006","74.92"
"","EU_AFTER_MAY2004","ALL","2007","74.03"
"","EU_AFTER_MAY2004","ALL","2008","75.22"
"","EU_AFTER_MAY2004","ALL","2009","73.8"
"","EU_AFTER_MAY2004","ALL","2010","72.14"
"","EU_AFTER_MAY2004","ALL","2011","71.95"
"","EU_AFTER_MAY2004","ALL","2012","71.31"
"","EU_AFTER_MAY2004","ALL","2013","71.27"
"","EU_AFTER_MAY2004","ALL","2014","71.84"
"","EU_BEFORE_MAY2004","ALL","1984","77.66"
"","EU_BEFORE_MAY2004","ALL","1985","77.74"
"","EU_BEFORE_MAY2004","ALL","1986","77.53"
"","EU_BEFORE_MAY2004","ALL","1987","77.66"
"","EU_BEFORE_MAY2004","ALL","1988","77.96"
"","EU_BEFORE_MAY2004","ALL","1989","77.62"
"","EU_BEFORE_MAY2004","ALL","1990","77.56"
"","EU_BEFORE_MAY2004","ALL","1991","78.38"
"","EU_BEFORE_MAY2004","ALL","1992","78.6"
"","EU_BEFORE_MAY2004","ALL","1993","78.82"
"","EU_BEFORE_MAY2004","ALL","1994","78.81"
"","EU_BEFORE_MAY2004","ALL","1995","79.09"
"","EU_BEFORE_MAY2004","ALL","1996","79.52"
"","EU_BEFORE_MAY2004","ALL","1997","78.43"
"","EU_BEFORE_MAY2004","ALL","1998","78.58"
"","EU_BEFORE_MAY2004","ALL","1999","78.02"
"","EU_BEFORE_MAY2004","ALL","2000","77.95"
"","EU_BEFORE_MAY2004","ALL","2001","77.96"
"","EU_BEFORE_MAY2004","ALL","2002","78.6"
"","EU_BEFORE_MAY2004","ALL","2003","77.94"
"","EU_BEFORE_MAY2004","ALL","2004","77.37"
"","EU_BEFORE_MAY2004","ALL","2005","77.27"
"","EU_BEFORE_MAY2004","ALL","2006","77.65"
"","EU_BEFORE_MAY2004","ALL","2007","77.48"
"","EU_BEFORE_MAY2004","ALL","2008","77.81"
"","EU_BEFORE_MAY2004","ALL","2009","77.87"
"","EU_BEFORE_MAY2004","ALL","2010","77.66"
"","EU_BEFORE_MAY2004","ALL","2011","77.31"
"","EU_BEFORE_MAY2004","ALL","2012","77.19"
"","EU_BEFORE_MAY2004","ALL","2013","77.25"
"","EU_MEMBERS","ALL","1985","78.07"
"","EU_MEMBERS","ALL","1986","77.8"
"","EU_MEMBERS","ALL","1987","77.83"
"","EU_MEMBERS","ALL","1988","78"
"","EU_MEMBERS","ALL","1989","77.59"
"","EU_MEMBERS","ALL","1990","77.4"
"","EU_MEMBERS","ALL","1991","77.96"
"","EU_MEMBERS","ALL","1992","78.2"
"","EU_MEMBERS","ALL","1993","78.31"
"","EU_MEMBERS","ALL","1994","78.51"
"","EU_MEMBERS","ALL","1995","78.8"
"","EU_MEMBERS","ALL","1996","79.26"
"","EU_MEMBERS","ALL","1997","78.35"
"","EU_MEMBERS","ALL","1998","78.45"
"","EU_MEMBERS","ALL","1999","77.74"
"","EU_MEMBERS","ALL","2000","77.62"
"","EU_MEMBERS","ALL","2001","77.71"
"","EU_MEMBERS","ALL","2002","78.3"
"","EU_MEMBERS","ALL","2003","77.7"
"","EU_MEMBERS","ALL","2004","77.31"
"","EU_MEMBERS","ALL","2005","77.2"
"","EU_MEMBERS","ALL","2006","77.4"
"","EU_MEMBERS","ALL","2007","77.15"
"","EU_MEMBERS","ALL","2008","77.57"
"","EU_MEMBERS","ALL","2009","77.49"
"","EU_MEMBERS","ALL","2010","77.16"
"","EU_MEMBERS","ALL","2011","76.82"
"","EU_MEMBERS","ALL","2012","76.66"
"","EU_MEMBERS","ALL","2013","76.71"
"","EU_MEMBERS","ALL","2014","76.92"
"FIN","","ALL","1985","76.2"
"FIN","","ALL","1986","74.6"
"FIN","","ALL","1987","73.1"
"FIN","","ALL","1988","77.3"
"FIN","","ALL","1989","76.7"
"FIN","","ALL","1990","74.2"
"FIN","","ALL","1991","72.1"
"FIN","","ALL","1992","68.4"
"FIN","","ALL","1993","70.1"
"FIN","","ALL","1994","67.4"
"FIN","","ALL","1995","74"
"FRA","","ALL","1974","80.1"
"FRA","","ALL","1975","79.8"
"FRA","","ALL","1976","79"
"FRA","","ALL","1977","78.9"
"FRA","","ALL","1978","79.7"
"FRA","","ALL","1979","78.9"
"FRA","","ALL","1980","79"
"FRA","","ALL","1981","79.6"
"FRA","","ALL","1982","79.4"
"FRA","","ALL","1983","77.6"
"FRA","","ALL","1984","78.3"
"FRA","","ALL","1985","79.1"
"FRA","","ALL","1986","78.8"
"FRA","","ALL","1987","77.5"
"FRA","","ALL","1988","77.8"
"FRA","","ALL","1989","77.7"
"FRA","","ALL","1990","77.3"
"FRA","","ALL","1991","77.2"
"FRA","","ALL","1992","76.6"
"FRA","","ALL","1993","76"
"FRA","","ALL","1994","75.7"
"FRA","","ALL","1995","76"
"FRA","","ALL","1996","75.9"
"FRA","","ALL","1997","76.4"
"FRA","","ALL","1998","76.1"
"FRA","","ALL","1999","74"
"FRA","","ALL","2000","75"
"FRA","","ALL","2001","75.4"
"FRA","","ALL","2002","74.9"
"FRA","","ALL","2003","74.9"
"FRA","","ALL","2004","74.8"
"FRA","","ALL","2005","73.5"
"FRA","","ALL","2006","73.7"
"FRA","","ALL","2007","73.9"
"FRA","","ALL","2008","74.2"
"FRA","","ALL","2009","74.4"
"FRA","","ALL","2010","75"
"FRA","","ALL","2011","75"
"FRA","","ALL","2012","75"
"FRA","","ALL","2013","75.8"
"GBR","","ALL","2001","83.36196367"
"GBR","","ALL","2002","84.08154443"
"GBR","","ALL","2003","84.43718953"
"GBR","","ALL","2004","83.84592942"
"GBR","","ALL","2005","83.73436015"
"GBR","","ALL","2006","83.45175195"
"GBR","","ALL","2007","83.6720168"
"GBR","","ALL","2008","84.79504936"
"GBR","","ALL","2009","84.24047136"
"GBR","","ALL","2010","84.3463995"
"GEO","","ALL","1980","72.9"
"GEO","","ALL","1985","66.3"
"GEO","","ALL","1986","67.1"
"GEO","","ALL","1987","64.7"
"GEO","","ALL","1988","61.6"
"GEO","","ALL","1989","56.4"
"GEO","","ALL","1990","54.8"
"GEO","","ALL","1991","55.3"
"GEO","","ALL","1992","34.2"
"GEO","","ALL","1993","31.8"
"GEO","","ALL","1994","26.8"
"GEO","","ALL","1995","26.1"
"GEO","","ALL","1996","23.8"
"GEO","","ALL","1999","23.2"
"GEO","","ALL","2000","22"
"GEO","","ALL","2001","23.2"
"GEO","","ALL","2002","25.4"
"GEO","","ALL","2003","25.8"
"GEO","","ALL","2004","27.2"
"GEO","","ALL","2005","26.8"
"GEO","","ALL","2006","32.3"
"GEO","","ALL","2007","34.4"
"GEO","","ALL","2008","38.4"
"GEO","","ALL","2009","36.1"
"GEO","","ALL","2010","37"
"GEO","","ALL","2011","35.7"
"GRC","","ALL","1977","66.5"
"GRC","","ALL","1978","67.5"
"GRC","","ALL","1979","66"
"GRC","","ALL","1980","66"
"GRC","","ALL","1981","67.4"
"GRC","","ALL","1982","68.6"
"GRC","","ALL","1983","67.2"
"GRC","","ALL","1984","68.7"
"GRC","","ALL","1985","66"
"GRC","","ALL","1986","66"
"GRC","","ALL","1987","66.7"
"GRC","","ALL","1988","65.4"
"GRC","","ALL","1989","64.5"
"GRC","","ALL","1990","63.2"
"GRC","","ALL","1991","64.1"
"GRC","","ALL","1992","66.3"
"GRC","","ALL","1993","66.3"
"GRC","","ALL","1994","67.4"
"GRC","","ALL","1995","66.4"
"GRC","","ALL","1996","67"
"GRC","","ALL","1997","70"
"GRC","","ALL","1998","70"
"GRC","","ALL","1999","70"
"GRC","","ALL","2000","70.2"
"GRC","","ALL","2001","71.5"
"GRC","","ALL","2002","76.3"
"GRC","","ALL","2003","74.4"
"GRC","","ALL","2004","75"
"GRC","","ALL","2005","73.4"
"GRC","","ALL","2006","75.4"
"GRC","","ALL","2007","72.5"
"GRC","","ALL","2008","73.4"
"GRC","","ALL","2009","72.5"
"GRC","","ALL","2010","70.6"
"GRC","","ALL","2011","72.3"
"HRV","","ALL","1980","89.99"
"HRV","","ALL","1981","90.93"
"HRV","","ALL","1982","90.25"
"HRV","","ALL","1983","90.79"
"HRV","","ALL","1984","90.26"
"HRV","","ALL","1985","89.59"
"HRV","","ALL","1986","89.88"
"HRV","","ALL","1987","89.13"
"HRV","","ALL","1988","87.47"
"HRV","","ALL","1989","86.53"
"HRV","","ALL","1990","88.9"
"HRV","","ALL","1991","79.42"
"HRV","","ALL","1992","79.3"
"HRV","","ALL","1993","76.88"
"HRV","","ALL","1994","82.33"
"HRV","","ALL","1995","87.4"
"HRV","","ALL","1996","89.59"
"HRV","","ALL","1997","89.32"
"HRV","","ALL","1998","88.22"
"HRV","","ALL","1999","87.12"
"HRV","","ALL","2000","86.3"
"HRV","","ALL","2001","85.5"
"HRV","","ALL","2002","89.6"
"HRV","","ALL","2003","90.68"
"HRV","","ALL","2004","89.9"
"HRV","","ALL","2005","88.1"
"HRV","","ALL","2006","86.55"
"HRV","","ALL","2007","85.63"
"HRV","","ALL","2008","84.88"
"HRV","","ALL","2009","83.08"
"HRV","","ALL","2010","75.19"
"HRV","","ALL","2011","76.66"
"HRV","","ALL","2012","77.33"
"HRV","","ALL","2013","73.74"
"HRV","","ALL","2014","71.69"
"HUN","","ALL","1960","89.8"
"HUN","","ALL","1961","90.7"
"HUN","","ALL","1962","90"
"HUN","","ALL","1963","90.4"
"HUN","","ALL","1964","90.7"
"HUN","","ALL","1965","90"
"HUN","","ALL","1967","90.7"
"HUN","","ALL","1968","89.8"
"HUN","","ALL","1969","89"
"HUN","","ALL","1970","89"
"HUN","","ALL","1971","88.4"
"HUN","","ALL","1972","89.1"
"HUN","","ALL","1973","88"
"HUN","","ALL","1974","88.4"
"HUN","","ALL","1975","87.5"
"HUN","","ALL","1976","87"
"HUN","","ALL","1977","86"
"HUN","","ALL","1978","85.5"
"HUN","","ALL","1979","83.9"
"HUN","","ALL","1980","83.3"
"HUN","","ALL","1981","82.4"
"HUN","","ALL","1982","81.3"
"HUN","","ALL","1983","80.8"
"HUN","","ALL","1984","81.1"
"HUN","","ALL","1985","80.6"
"HUN","","ALL","1986","79.1"
"HUN","","ALL","1987","77.6"
"HUN","","ALL","1988","77.5"
"HUN","","ALL","1989","76.4"
"HUN","","ALL","1990","74.9"
"HUN","","ALL","1991","74"
"HUN","","ALL","1992","73.6"
"HUN","","ALL","1993","67.6"
"HUN","","ALL","1994","72.98"
"HUN","","ALL","1995","72.63"
"HUN","","ALL","1996","75.3"
"HUN","","ALL","1997","78.79"
"HUN","","ALL","1998","76.78"
"HUN","","ALL","1999","74.36"
"HUN","","ALL","2000","73.19"
"HUN","","ALL","2001","76.91"
"HUN","","ALL","2002","77.81"
"HUN","","ALL","2003","77.15"
"HUN","","ALL","2004","76.56"
"HUN","","ALL","2005","75.68"
"HUN","","ALL","2006","70.32"
"HUN","","ALL","2007","69.15"
"HUN","","ALL","2008","75.29"
"HUN","","ALL","2009","74.26"
"HUN","","ALL","2010","71.63"
"HUN","","ALL","2011","71.11"
"HUN","","ALL","2012","69.2"
"HUN","","ALL","2013","70.35"
"HUN","","ALL","2014","70.81"
"IRL","","ALL","1980","82.2"
"IRL","","ALL","1981","82.3"
"IRL","","ALL","1982","82.4"
"IRL","","ALL","1983","78"
"IRL","","ALL","1984","77"
"IRL","","ALL","1985","75.9"
"IRL","","ALL","1986","75.7"
"IRL","","ALL","1987","77.6"
"IRL","","ALL","1988","81.5"
"IRL","","ALL","1989","83.6"
"IRL","","ALL","1990","84.5"
"IRL","","ALL","1991","82.8"
"IRL","","ALL","1992","83.3"
"IRL","","ALL","1993","83.7"
"IRL","","ALL","1994","83"
"IRL","","ALL","1995","82.5"
"IRL","","ALL","1996","82.3"
"IRL","","ALL","1997","84.5"
"IRL","","ALL","1998","85.5"
"IRL","","ALL","1999","84.3"
"IRL","","ALL","2000","84.5"
"IRL","","ALL","2001","86.2"
"IRL","","ALL","2002","84.6"
"IRL","","ALL","2003","85.2"
"IRL","","ALL","2004","85.4"
"IRL","","ALL","2005","85.5"
"IRL","","ALL","2006","86.7"
"IRL","","ALL","2007","87.1"
"IRL","","ALL","2008","88.8"
"IRL","","ALL","2009","89.2"
"IRL","","ALL","2010","91.4"
"IRL","","ALL","2011","91.9"
"IRL","","ALL","2012","92.6"
"IRL","","ALL","2013","93.8"
"IRL","","ALL","2014","93.25693952"
"ISR","","ALL","2000","91.54702506"
"ISR","","ALL","2001","90.42816222"
"ISR","","ALL","2002","90.33528869"
"ISR","","ALL","2003","91.69599445"
"ISR","","ALL","2004","90.8899827"
"ISR","","ALL","2005","89.28874178"
"ISR","","ALL","2006","93.61458111"
"ISR","","ALL","2007","93.93875384"
"ISR","","ALL","2008","94.76910203"
"ISR","","ALL","2009","95.18469443"
"ISR","","ALL","2010","95.9691795"
"ISR","","ALL","2011","95.15883725"
"ISR","","ALL","2012","95.3959865"
"ISR","","ALL","2013","92.88640842"
"ISR","","ALL","2014","91.83753569"
"ITA","","ALL","1960","70.3"
"ITA","","ALL","1961","70.6"
"ITA","","ALL","1962","72.4"
"ITA","","ALL","1963","73.7"
"ITA","","ALL","1964","74.2"
"ITA","","ALL","1965","75.8"
"ITA","","ALL","1966","75"
"ITA","","ALL","1967","75.3"
"ITA","","ALL","1968","75.4"
"ITA","","ALL","1969","75.4"
"ITA","","ALL","1970","74.9"
"ITA","","ALL","1971","75.6"
"ITA","","ALL","1972","76.8"
"ITA","","ALL","1973","77.3"
"ITA","","ALL","1974","75.2"
"ITA","","ALL","1975","73.9"
"ITA","","ALL","1976","73"
"ITA","","ALL","1977","71.4"
"ITA","","ALL","1978","69.7"
"ITA","","ALL","1979","68.9"
"ITA","","ALL","1980","69"
"ITA","","ALL","1981","68.1"
"ITA","","ALL","1982","66.9"
"ITA","","ALL","1983","66.3"
"ITA","","ALL","1984","67.9"
"ITA","","ALL","1985","67.9"
"ITA","","ALL","1986","68.9"
"ITA","","ALL","1987","68.9"
"ITA","","ALL","1988","70"
"ITA","","ALL","1989","68.8"
"ITA","","ALL","1990","69.3"
"ITA","","ALL","1991","74.1"
"ITA","","ALL","1992","76.4"
"ITA","","ALL","1993","77.6"
"ITA","","ALL","1994","78.3"
"ITA","","ALL","1995","78.1"
"ITA","","ALL","1996","77.4"
"ITA","","ALL","1997","76.3"
"ITA","","ALL","1998","76.4"
"ITA","","ALL","1999","76"
"ITA","","ALL","2000","75.5"
"ITA","","ALL","2001","76"
"ITA","","ALL","2002","76.9"
"ITA","","ALL","2003","76.1"
"ITA","","ALL","2004","76.4"
"ITA","","ALL","2005","77.3"
"ITA","","ALL","2006","78"
"ITA","","ALL","2007","78.3"
"ITA","","ALL","2008","78.8"
"ITA","","ALL","2009","79.4"
"ITA","","ALL","2010","78.7"
"ITA","","ALL","2011","78.5"
"ITA","","ALL","2012","77.5"
"ITA","","ALL","2013","77.3"
"KAZ","","ALL","1980","86.5"
"KAZ","","ALL","1985","85.1"
"KAZ","","ALL","1986","86.1"
"KAZ","","ALL","1987","85.7"
"KAZ","","ALL","1988","85.3"
"KAZ","","ALL","1989","80.8"
"KAZ","","ALL","1990","79"
"KAZ","","ALL","1991","78.7"
"KAZ","","ALL","1992","77.7"
"KAZ","","ALL","1993","76.1"
"KAZ","","ALL","1994","73.9"
"KAZ","","ALL","1995","72.1"
"KAZ","","ALL","1996","73.7"
"KAZ","","ALL","1997","80.8"
"KAZ","","ALL","1998","91.2"
"KAZ","","ALL","1999","92.6"
"KAZ","","ALL","2000","97"
"KAZ","","ALL","2001","96.5"
"KAZ","","ALL","2002","91.5"
"KAZ","","ALL","2003","84.6"
"KAZ","","ALL","2004","95.6"
"KAZ","","ALL","2005","93.2"
"KAZ","","ALL","2006","93.7"
"KAZ","","ALL","2007","94.8"
"KAZ","","ALL","2008","89.4"
"KAZ","","ALL","2009","88.5"
"KAZ","","ALL","2010","85.2"
"KAZ","","ALL","2011","84.5"
"KAZ","","ALL","2012","83"
"KAZ","","ALL","2013","86.8"
"KAZ","","ALL","2014","86.2"
"KAZ","","ALL","2015","88.4"
"KAZ","","ALL","2016","91.2"
"KAZ","","ALL","2017","90.4"
"KGZ","","ALL","1980","86.4"
"KGZ","","ALL","1985","86.2"
"KGZ","","ALL","1986","87.5"
"KGZ","","ALL","1987","88.4"
"KGZ","","ALL","1988","86.8"
"KGZ","","ALL","1989","82.8"
"KGZ","","ALL","1990","80.4"
"KGZ","","ALL","1991","78.3"
"KGZ","","ALL","1992","77.9"
"KGZ","","ALL","1993","80.2"
"KGZ","","ALL","1994","78"
"KGZ","","ALL","1995","79.3"
"KGZ","","ALL","1996","80.55"
"KGZ","","ALL","1997","83.6"
"KGZ","","ALL","1998","81.7"
"KGZ","","ALL","1999","92.1"
"KGZ","","ALL","2000","90.2"
"KGZ","","ALL","2001","87.6"
"KGZ","","ALL","2002","86.8"
"KGZ","","ALL","2003","87.6"
"KGZ","","ALL","2004","90"
"KGZ","","ALL","2005","88.8"
"KGZ","","ALL","2006","95.2"
"KGZ","","ALL","2007","94.9"
"KGZ","","ALL","2008","93.5"
"KGZ","","ALL","2009","97.4"
"KGZ","","ALL","2010","98.2"
"KGZ","","ALL","2011","98.2"
"KGZ","","ALL","2012","96"
"KGZ","","ALL","2013","90.9"
"KGZ","","ALL","2014","88.2"
"KGZ","","ALL","2015","85.9"
"KGZ","","ALL","2016","91.5"
"KGZ","","ALL","2017","86"
"LTU","","ALL","1992","73.3"
"LTU","","ALL","1993","75.4"
"LTU","","ALL","1994","75.6"
"LTU","","ALL","1995","76.2"
"LTU","","ALL","1996","74.8"
"LTU","","ALL","1997","75.4"
"LTU","","ALL","1998","78.1"
"LTU","","ALL","1999","78.2"
"LTU","","ALL","2000","75.4"
"LTU","","ALL","2001","74.4"
"LTU","","ALL","2002","73.2"
"LTU","","ALL","2003","72.8"
"LTU","","ALL","2004","76.6"
"LTU","","ALL","2005","78.6"
"LTU","","ALL","2006","76.1"
"LTU","","ALL","2007","75.5"
"LTU","","ALL","2008","72.7"
"LTU","","ALL","2009","72.4"
"LTU","","ALL","2010","72"
"LTU","","ALL","2011","73.1"
"LTU","","ALL","2012","72.5"
"LTU","","ALL","2013","71.6"
"LTU","","ALL","2014","72.8"
"LUX","","ALL","2004","63.7"
"LUX","","ALL","2005","68.3"
"LUX","","ALL","2006","69.5"
"LUX","","ALL","2007","70.3"
"LUX","","ALL","2008","70.7"
"LUX","","ALL","2009","71.8"
"LUX","","ALL","2010","71.1"
"LUX","","ALL","2011","71.1"
"LUX","","ALL","2012","72.6"
"LUX","","ALL","2013","71.1"
"LUX","","ALL","2014","70.7"
"LVA","","ALL","2000","76.12"
"LVA","","ALL","2001","75.17"
"LVA","","ALL","2002","74.13"
"LVA","","ALL","2003","74.45"
"LVA","","ALL","2004","74.57"
"LVA","","ALL","2005","74.22"
"LVA","","ALL","2006","76.21"
"LVA","","ALL","2007","76.11"
"LVA","","ALL","2008","75.48"
"LVA","","ALL","2009","64.01"
"LVA","","ALL","2010","71.09"
"LVA","","ALL","2011","70.41"
"LVA","","ALL","2012","68.05"
"LVA","","ALL","2013","68.04"
"LVA","","ALL","2014","69.69"
"MDA","","ALL","1980","91.5"
"MDA","","ALL","1981","90.4"
"MDA","","ALL","1982","92.3"
"MDA","","ALL","1983","93.9"
"MDA","","ALL","1984","93.4"
"MDA","","ALL","1985","93.5"
"MDA","","ALL","1986","92.1"
"MDA","","ALL","1987","89.2"
"MDA","","ALL","1988","89"
"MDA","","ALL","1989","86.2"
"MDA","","ALL","1990","84.5"
"MDA","","ALL","1991","83.3"
"MDA","","ALL","1992","83.5"
"MDA","","ALL","1993","88.9"
"MDA","","ALL","1994","89.6"
"MDA","","ALL","1995","85.5"
"MDA","","ALL","1996","80.8"
"MDA","","ALL","1997","80"
"MDA","","ALL","1998","77.6"
"MDA","","ALL","1999","71"
"MDA","","ALL","2000","66.6"
"MDA","","ALL","2001","70.7"
"MDA","","ALL","2002","75.1"
"MDA","","ALL","2003","74.8"
"MDA","","ALL","2004","62.9"
"MDA","","ALL","2005","67.7"
"MDA","","ALL","2006","72.9"
"MDA","","ALL","2007","73"
"MDA","","ALL","2008","76.3"
"MDA","","ALL","2009","76.2"
"MDA","","ALL","2010","76"
"MDA","","ALL","2011","88.8"
"MDA","","ALL","2012","87.4"
"MDA","","ALL","2013","89.3"
"MDA","","ALL","2014","90.3"
"MDA","","ALL","2015","75.8"
"MKD","","ALL","1980","71.5"
"MKD","","ALL","1981","73.2"
"MKD","","ALL","1982","73.7"
"MKD","","ALL","1983","72.6"
"MKD","","ALL","1984","74.8"
"MKD","","ALL","1985","73"
"MKD","","ALL","1986","74.1"
"MKD","","ALL","1987","75.6"
"MKD","","ALL","1988","73.6"
"MKD","","ALL","1989","66.7"
"MKD","","ALL","1990","69"
"MKD","","ALL","1991","64.9"
"MKD","","ALL","1992","68.2"
"MKD","","ALL","1993","68.2"
"MKD","","ALL","1994","68"
"MKD","","ALL","1995","67.4"
"MKD","","ALL","1996","67.1"
"MKD","","ALL","1997","63.9"
"MKD","","ALL","1998","66.5"
"MKD","","ALL","1999","63"
"MKD","","ALL","2000","60.1"
"MKD","","ALL","2001","53.7"
"MKD","","ALL","2002","53.7"
"MKD","","ALL","2003","54.4"
"MKD","","ALL","2004","55"
"MKD","","ALL","2005","55.5"
"MKD","","ALL","2006","54.5"
"MKD","","ALL","2007","54.4"
"MKD","","ALL","2008","54"
"MKD","","ALL","2013","59.7"
"MLT","","ALL","1997","72.2"
"MLT","","ALL","1998","77.95"
"MLT","","ALL","1999","79.31"
"MLT","","ALL","2000","75.5"
"MLT","","ALL","2001","79.72"
"MLT","","ALL","2002","82.99"
"MLT","","ALL","2003","83.36"
"MLT","","ALL","2004","85.37"
"MLT","","ALL","2005","87.53"
"MLT","","ALL","2006","89.6"
"MLT","","ALL","2007","80.4"
"MLT","","ALL","2008","78"
"MLT","","ALL","2009","82.33"
"MLT","","ALL","2010","81.5"
"MLT","","ALL","2011","83.2"
"MLT","","ALL","2012","83.2"
"MLT","","ALL","2013","80.66"
"MLT","","ALL","2014","81.79"
"NLD","","ALL","1970","89.8"
"NLD","","ALL","1971","89.9"
"NLD","","ALL","1972","88.2"
"NLD","","ALL","1973","86.2"
"NLD","","ALL","1974","85.7"
"NLD","","ALL","1975","85.1"
"NLD","","ALL","1976","84.5"
"NLD","","ALL","1977","84.4"
"NLD","","ALL","1978","84.6"
"NLD","","ALL","1979","83.7"
"NLD","","ALL","1980","83.5"
"NLD","","ALL","1981","82.4"
"NLD","","ALL","1982","85.1"
"NLD","","ALL","1983","82.9"
"NLD","","ALL","1984","80.3"
"NLD","","ALL","1985","79.1"
"NLD","","ALL","1986","77.3"
"NLD","","ALL","1987","75"
"NLD","","ALL","1988","74.2"
"NLD","","ALL","1989","74.3"
"NLD","","ALL","1990","73.3"
"NLD","","ALL","1991","73"
"NLD","","ALL","1992","72"
"NLD","","ALL","1993","72"
"NLD","","ALL","1994","73.7"
"NLD","","ALL","1995","73.3"
"NLD","","ALL","1996","73"
"NLD","","ALL","1997","71.4"
"NLD","","ALL","1998","70.1"
"NLD","","ALL","1999","66.7"
"NLD","","ALL","2000","65.7"
"NLD","","ALL","2001","66"
"NLD","","ALL","2002","69.1"
"NLD","","ALL","2003","68.2"
"NLD","","ALL","2004","67.2"
"NLD","","ALL","2005","67.4"
"NLD","","ALL","2006","67.4"
"NLD","","ALL","2007","55.9"
"NLD","","ALL","2008","54.5"
"NLD","","ALL","2009","52.7"
"NLD","","ALL","2010","52.8"
"NLD","","ALL","2011","47.5"
"NLD","","ALL","2012","45.6"
"NOR","","ALL","1980","79.3"
"NOR","","ALL","1981","77.3"
"NOR","","ALL","1982","77.9"
"NOR","","ALL","1983","79.9"
"NOR","","ALL","1984","81.4"
"NOR","","ALL","1985","82"
"NOR","","ALL","1986","79"
"NOR","","ALL","1987","77"
"NOR","","ALL","1988","77.4"
"NOR","","ALL","1989","75.4"
"NOR","","ALL","1990","77"
"NOR","","ALL","1991","77.8"
"NOR","","ALL","1992","78"
"NOR","","ALL","1993","79.9"
"NOR","","ALL","1994","80.5"
"NOR","","ALL","1995","79.4"
"NOR","","ALL","1996","81.1"
"NOR","","ALL","1999","85.4"
"NOR","","ALL","2000","85.2"
"NOR","","ALL","2001","87.2"
"NOR","","ALL","2002","87.6"
"NOR","","ALL","2003","88.5"
"NOR","","ALL","2004","86.4"
"NOR","","ALL","2005","87.6"
"NOR","","ALL","2006","88.5"
"NOR","","ALL","2007","88"
"NOR","","ALL","2008","89.9"
"NOR","","ALL","2009","83.9"
"NOR","","ALL","2010","85.6"
"NOR","","ALL","2011","83.7"
"NOR","","ALL","2012","84.8"
"NOR","","ALL","2013","83.8"
"NOR","","ALL","2014","82.6"
"","NORDIC","ALL","1980","75.03"
"","NORDIC","ALL","1981","74.52"
"","NORDIC","ALL","1982","75.65"
"","NORDIC","ALL","1983","76.24"
"","NORDIC","ALL","1984","77.28"
"","NORDIC","ALL","1985","77.55"
"","NORDIC","ALL","1986","76.15"
"","NORDIC","ALL","1987","75.69"
"","NORDIC","ALL","1988","76.78"
"","NORDIC","ALL","1989","75"
"","NORDIC","ALL","1990","74.94"
"","NORDIC","ALL","1991","75.24"
"","NORDIC","ALL","1992","75.63"
"","NORDIC","ALL","1993","76.9"
"","NORDIC","ALL","1994","76.59"
"","NORDIC","ALL","1995","76.74"
"","NORDIC","ALL","1996","78.41"
"PRT","","ALL","1996","71.79835651"
"PRT","","ALL","1997","71.55729277"
"PRT","","ALL","1998","72.18379128"
"PRT","","ALL","1999","73.47422515"
"PRT","","ALL","2000","75.24404081"
"PRT","","ALL","2001","74.21200725"
"PRT","","ALL","2002","74.42086436"
"PRT","","ALL","2003","73.9627389"
"PRT","","ALL","2004","72.95568022"
"PRT","","ALL","2005","73.64540579"
"PRT","","ALL","2006","75.14784902"
"PRT","","ALL","2007","75.33212105"
"PRT","","ALL","2008","75.24561607"
"PRT","","ALL","2009","75.70177286"
"PRT","","ALL","2010","75.94789977"
"PRT","","ALL","2011","74.96843464"
"PRT","","ALL","2012","76.94306161"
"PRT","","ALL","2013","74.97305195"
"PRT","","ALL","2014","76.17407918"
"RUS","","ALL","1980","91.5"
"RUS","","ALL","1981","90.4"
"RUS","","ALL","1982","92.3"
"RUS","","ALL","1983","93.9"
"RUS","","ALL","1984","93.4"
"RUS","","ALL","1985","93.5"
"RUS","","ALL","1986","92.1"
"RUS","","ALL","1987","89.2"
"RUS","","ALL","1988","89"
"RUS","","ALL","1989","86.2"
"RUS","","ALL","1990","84.5"
"RUS","","ALL","1991","83.3"
"RUS","","ALL","1992","83.5"
"RUS","","ALL","1993","88.9"
"RUS","","ALL","1994","89.6"
"RUS","","ALL","1995","85.5"
"RUS","","ALL","1996","80.8"
"RUS","","ALL","1997","80"
"RUS","","ALL","1998","77.6"
"RUS","","ALL","1999","71"
"RUS","","ALL","2000","66.6"
"RUS","","ALL","2001","70.7"
"RUS","","ALL","2002","75.1"
"RUS","","ALL","2003","74.8"
"RUS","","ALL","2004","62.9"
"RUS","","ALL","2005","67.7"
"RUS","","ALL","2006","72.9"
"RUS","","ALL","2007","73"
"RUS","","ALL","2008","76.3"
"RUS","","ALL","2009","76.2"
"RUS","","ALL","2010","76"
"RUS","","ALL","2011","88.8"
"RUS","","ALL","2012","87.4"
"RUS","","ALL","2013","89.3"
"RUS","","ALL","2014","90.3"
"RUS","","ALL","2015","75.8"
"RUS","","ALL","2016","74.6"
"RUS","","ALL","2017","73.7"
"","SMALL","ALL","2011","82.39"
"","SMALL","ALL","2012","76.01"
"","SMALL","ALL","2013","74.42"
"","SMALL","ALL","2014","74.66"
"SMR","","ALL","2011","60.55"
"SMR","","ALL","2012","57.66"
"SMR","","ALL","2013","59.82"
"SMR","","ALL","2014","60"
"SMR","","ALL","2015","62"
"SMR","","ALL","2016","65.01"
"SMR","","ALL","2017","65.8"
"SRB","","ALL","2010","70.9"
"SRB","","ALL","2011","69.7"
"SRB","","ALL","2012","68.5"
"SRB","","ALL","2013","70.2"
"SRB","","ALL","2014","68.3"
"SVK","","ALL","1996","79.6"
"SVK","","ALL","1997","78.5"
"SVK","","ALL","1998","77.9"
"SVK","","ALL","1999","69.5"
"SVK","","ALL","2000","70.6"
"SVK","","ALL","2001","70.5"
"SVK","","ALL","2002","66.2"
"SVK","","ALL","2003","64.5"
"SVK","","ALL","2004","67.6"
"SVK","","ALL","2005","66.7"
"SVK","","ALL","2006","68"
"SVK","","ALL","2007","67.9"
"SVK","","ALL","2008","67.5"
"SVK","","ALL","2009","67.3"
"SVK","","ALL","2010","66.5"
"SVK","","ALL","2011","65.5"
"SVK","","ALL","2012","67.3"
"SVK","","ALL","2013","67.4"
"SVK","","ALL","2014","68.9"
"SVN","","ALL","1980","88.18"
"SVN","","ALL","1985","85.3"
"SVN","","ALL","1986","85.42"
"SVN","","ALL","1987","84.36"
"SVN","","ALL","1988","82.43"
"SVN","","ALL","1989","83.26"
"SVN","","ALL","1990","81.53"
"SVN","","ALL","1991","75.99"
"SVN","","ALL","1992","78.9"
"SVN","","ALL","1993","80.93"
"SVN","","ALL","1994","78.73"
"SVN","","ALL","1995","77.19"
"SVN","","ALL","1996","77.6"
"SVN","","ALL","1997","77.7"
"SVN","","ALL","1998","75.4"
"SVN","","ALL","1999","72.6"
"SVN","","ALL","2000","70.6"
"SVN","","ALL","2001","70.5"
"SVN","","ALL","2002","68.99"
"SVN","","ALL","2003","68.12"
"SVN","","ALL","2004","73.19"
"SVN","","ALL","2005","70.06"
"SVN","","ALL","2006","71.62"
"SVN","","ALL","2007","69.67"
"SVN","","ALL","2008","71.5"
"SVN","","ALL","2009","71.21"
"SVN","","ALL","2010","69.69"
"SVN","","ALL","2011","68.87389122"
"SVN","","ALL","2012","68.75"
"SVN","","ALL","2013","67.86"
"SVN","","ALL","2014","68.42"
"SWE","","ALL","1973","72.7"
"SWE","","ALL","1974","73.5"
"SWE","","ALL","1975","72.8"
"SWE","","ALL","1976","72.3"
"SWE","","ALL","1977","71.9"
"SWE","","ALL","1978","71.1"
"SWE","","ALL","1979","72.2"
"SWE","","ALL","1980","72.1"
"SWE","","ALL","1981","72"
"SWE","","ALL","1982","73.7"
"SWE","","ALL","1983","74.4"
"SWE","","ALL","1984","75.3"
"SWE","","ALL","1985","75.3"
"SWE","","ALL","1986","74.2"
"SWE","","ALL","1987","74.9"
"SWE","","ALL","1988","75.3"
"SWE","","ALL","1989","72.3"
"SWE","","ALL","1990","72.2"
"SWE","","ALL","1991","73"
"SWE","","ALL","1992","74.8"
"SWE","","ALL","1993","76.2"
"SWE","","ALL","1994","77.3"
"SWE","","ALL","1995","75.9"
"SWE","","ALL","1996","77.5"
"TJK","","ALL","1986","93.27"
"TJK","","ALL","1987","96.23"
"TJK","","ALL","1988","92.65"
"TJK","","ALL","1989","77.93"
"TJK","","ALL","1990","93.84"
"TJK","","ALL","1991","88.14"
"TJK","","ALL","1992","66.49"
"TJK","","ALL","1993","64.85"
"TJK","","ALL","1994","65.04"
"TJK","","ALL","1995","62.8"
"TJK","","ALL","1996","59.8"
"TJK","","ALL","1997","74.5"
"TJK","","ALL","1998","68.7"
"TJK","","ALL","1999","64.2"
"TJK","","ALL","2000","59.8"
"TJK","","ALL","2001","54.5"
"TJK","","ALL","2002","55.1"
"TJK","","ALL","2003","55.9"
"TJK","","ALL","2004","58.1"
"TJK","","ALL","2005","58.6"
"TJK","","ALL","2006","60.3"
"TJK","","ALL","2007","63.6"
"TJK","","ALL","2008","66.5"
"TJK","","ALL","2009","69.4"
"TJK","","ALL","2010","85"
"TJK","","ALL","2011","84.4"
"TJK","","ALL","2012","73.1"
"TJK","","ALL","2013","73.2"
"TJK","","ALL","2014","72.1"
"TJK","","ALL","2015","66.3"
"TJK","","ALL","2016","66.4"
"TJK","","ALL","2017","64.9"
"TJK","","ALL","2018","66.9"
"TKM","","ALL","1980","87.5"
"TKM","","ALL","1985","98.8"
"TKM","","ALL","1986","96.1"
"TKM","","ALL","1987","94.8"
"TKM","","ALL","1988","92.4"
"TKM","","ALL","1989","87.9"
"TKM","","ALL","1990","82.7"
"TKM","","ALL","1991","81.2"
"TKM","","ALL","1992","76.7"
"TKM","","ALL","1993","78.8"
"TKM","","ALL","1994","70.9"
"TKM","","ALL","1995","65.8"
"TKM","","ALL","1996","63.3"
"TKM","","ALL","1997","72.1"
"TKM","","ALL","2000","88"
"TKM","","ALL","2001","78"
"TKM","","ALL","2002","80.9"
"TKM","","ALL","2003","83"
"TKM","","ALL","2004","77.1"
"TKM","","ALL","2005","72.9"
"TKM","","ALL","2006","77.2"
"TKM","","ALL","2007","80.4"
"TKM","","ALL","2008","80.4"
"TKM","","ALL","2009","84"
"TKM","","ALL","2010","88.8"
"TKM","","ALL","2011","93.9"
"TKM","","ALL","2012","102.2"
"TKM","","ALL","2013","106.4"
"TKM","","ALL","2014","103"
"TKM","","ALL","2015","99.2"
"TKM","","ALL","2016","101.4"
"TKM","","ALL","2017","97.3"
"TKM","","ALL","2018","95"
"TUR","","ALL","1960","53.7"
"TUR","","ALL","1961","52.8"
"TUR","","ALL","1962","52"
"TUR","","ALL","1963","51.3"
"TUR","","ALL","1964","51.6"
"TUR","","ALL","1965","52.5"
"TUR","","ALL","1966","54.9"
"TUR","","ALL","1967","54.3"
"TUR","","ALL","1968","50.4"
"TUR","","ALL","1969","51.3"
"TUR","","ALL","1970","51"
"TUR","","ALL","1971","48.5"
"TUR","","ALL","1972","47"
"TUR","","ALL","1973","49.3"
"TUR","","ALL","1974","50"
"TUR","","ALL","1975","49"
"TUR","","ALL","1976","54"
"TUR","","ALL","1977","55"
"TUR","","ALL","1978","50"
"TUR","","ALL","1979","44"
"TUR","","ALL","1980","45"
"TUR","","ALL","1981","45.5"
"TUR","","ALL","1982","46.1"
"TUR","","ALL","1983","48.8"
"TUR","","ALL","1984","52.1"
"TUR","","ALL","1985","52.1"
"TUR","","ALL","1986","52.3"
"TUR","","ALL","1987","54.3"
"TUR","","ALL","1988","52.9"
"TUR","","ALL","1989","53.8"
"TUR","","ALL","1990","57.2"
"TUR","","ALL","1991","51.5"
"TUR","","ALL","1992","54.9"
"TUR","","ALL","1993","55.6"
"TUR","","ALL","1994","56.1"
"TUR","","ALL","1995","55.4"
"TUR","","ALL","1996","56.3"
"TUR","","ALL","1997","57.4"
"TUR","","ALL","1998","57.1"
"TUR","","ALL","1999","57.8"
"TUR","","ALL","2000","59.3"
"TUR","","ALL","2001","59.6"
"TUR","","ALL","2002","58.7"
"TUR","","ALL","2003","59.7"
"TUR","","ALL","2004","65.5"
"TUR","","ALL","2005","64.7"
"TUR","","ALL","2006","67.1"
"TUR","","ALL","2007","64.3"
"TUR","","ALL","2008","65.5"
"TUR","","ALL","2009","64.9"
"TUR","","ALL","2010","63.2"
"TUR","","ALL","2011","64.3"
"TUR","","ALL","2012","64.1"
"TUR","","ALL","2013","64.8"
"TUR","","ALL","2014","66.2"
"UKR","","ALL","1980","91.5"
"UKR","","ALL","1981","92.3"
"UKR","","ALL","1982","92.6"
"UKR","","ALL","1983","92.1"
"UKR","","ALL","1984","92.1"
"UKR","","ALL","1985","91.1"
"UKR","","ALL","1986","88.6"
"UKR","","ALL","1987","89.1"
"UKR","","ALL","1988","88"
"UKR","","ALL","1989","84.8"
"UKR","","ALL","1990","84.5"
"UKR","","ALL","1991","84.9"
"UKR","","ALL","1992","84.9"
"UKR","","ALL","1993","85.8"
"UKR","","ALL","1994","84.4"
"UKR","","ALL","1995","83.3"
"UKR","","ALL","1996","81.9"
"UKR","","ALL","1997","85.2"
"UKR","","ALL","1998","88.2"
"UKR","","ALL","1999","87.9"
"UKR","","ALL","2000","87.9"
"UKR","","ALL","2001","89.5"
"UKR","","ALL","2002","89.2"
"UKR","","ALL","2003","90.4"
"UKR","","ALL","2004","91.2"
"UKR","","ALL","2005","91.2"
"UKR","","ALL","2006","91"
"UKR","","ALL","2007","91.2"
"UKR","","ALL","2008","90.2"
"UKR","","ALL","2009","89.1"
"UKR","","ALL","2010","91.2"
"UKR","","ALL","2011","89.3"
"UKR","","ALL","2012","90.2"
"UKR","","ALL","2013","90.4"
"UKR","","ALL","2014","88.8"
"UKR","","ALL","2015","87.7"
"UZB","","ALL","1998","79.5"
"UZB","","ALL","1999","81.5"
"UZB","","ALL","2000","81.3"
"UZB","","ALL","2001","84.2"
"UZB","","ALL","2002","82.3"
"UZB","","ALL","2003","80.5"
"UZB","","ALL","2004","86.5"
"UZB","","ALL","2005","86.8"
"UZB","","ALL","2006","83.9"
"UZB","","ALL","2007","86.6"
"UZB","","ALL","2008","86.8"
"UZB","","ALL","2009","86.5"
"","WHO_EURO","ALL","1985","80.41"
"","WHO_EURO","ALL","1986","79.79"
"","WHO_EURO","ALL","1987","79.33"
"","WHO_EURO","ALL","1988","79.04"
"","WHO_EURO","ALL","1989","77.72"
"","WHO_EURO","ALL","1990","77.51"
"","WHO_EURO","ALL","1991","77.03"
"","WHO_EURO","ALL","1992","77.07"
"","WHO_EURO","ALL","1993","78.22"
"","WHO_EURO","ALL","1994","78.2"
"","WHO_EURO","ALL","1995","77.4"
"","WHO_EURO","ALL","1996","76.72"
"","WHO_EURO","ALL","1997","76.68"
"","WHO_EURO","ALL","1998","76.57"
"","WHO_EURO","ALL","1999","75.1"
"","WHO_EURO","ALL","2000","74.35"
"","WHO_EURO","ALL","2001","75.22"
"","WHO_EURO","ALL","2002","76.13"
"","WHO_EURO","ALL","2003","75.78"
"","WHO_EURO","ALL","2004","74.31"
"","WHO_EURO","ALL","2005","74.98"
"","WHO_EURO","ALL","2006","76.31"
"","WHO_EURO","ALL","2007","76.13"
"","WHO_EURO","ALL","2008","76.99"
"","WHO_EURO","ALL","2009","76.84"
"","WHO_EURO","ALL","2010","76.76"
"","WHO_EURO","ALL","2011","78.88"
"","WHO_EURO","ALL","2012","78.47"
"","WHO_EURO","ALL","2013","78.91"
"","WHO_EURO","ALL","2014","79.13"
